{"cameraMode":{"drawMode":0,"name":"Shaded","section":"Shading Mode"},"sceneLighting":true,"audioPlay":false,"sceneViewState":{"m_AlwaysRefresh":false,"showFog":true,"showSkybox":true,"showFlares":true,"showImageEffects":true,"showParticleSystems":true,"showVisualEffectGraphs":true,"m_FxEnabled":true},"in2DMode":false,"pivot":{"x":4.407343864440918,"y":-1.4271068572998047,"z":88.0286865234375},"rotation":{"x":0.07167689502239227,"y":-0.9048938155174255,"z":0.16887357831001283,"w":0.38407519459724429},"size":10.451167106628418,"orthographic":false}