{"cameraMode":{"drawMode":0,"name":"Shaded","section":"Shading Mode"},"sceneLighting":true,"audioPlay":false,"sceneViewState":{"m_AlwaysRefresh":false,"showFog":true,"showSkybox":true,"showFlares":true,"showImageEffects":true,"showParticleSystems":true,"showVisualEffectGraphs":true,"m_FxEnabled":true},"in2DMode":false,"pivot":{"x":-16.133487701416017,"y":10.457009315490723,"z":160.0550537109375},"rotation":{"x":-0.012714832089841366,"y":0.1677817702293396,"z":-0.0021634993609040977,"w":-0.9857466816902161},"size":19.616901397705079,"orthographic":false}